id,filename,label,gender,color,category
1,img (1).jpg,man light gray shirt,man,light gray,shirt
2,img (2).jpg,man light gray shirt,man,light gray,shirt
3,img (3).jpg,man cream shirt,man,cream,shirt
4,img (4).jpg,man coral shirt,man,coral,shirt
5,img (5).jpg,man navy shirt,man,navy,shirt
6,img (6).jpg,man orange shirt,man,orange,shirt
7,img (7).jpg,man light gray shirt,man,light gray,shirt
8,img (8).jpg,man light gray shirt,man,light gray,shirt
9,img (9).jpg,man green shoe,man,green,shoe
10,img (10).jpg,man black shoe,man,black,shoe
11,img (11).jpg,man white shoe,man,white,shoe
12,img (12).jpg,woman white shirt,woman,white,shirt
13,img (13).jpg,man blue shirt,man,blue,shirt
14,img (14).jpg,man gray shoe,man,gray,shoe
15,img (15).jpg,man red shoe,man,red,shoe
16,img (16).jpg,man black pant,man,black,pant
17,img (17).jpg,man navy pant,man,navy,pant
18,img (18).jpg,man cream shoe,man,cream,shoe
19,img (19).jpg,man purple shoe,man,purple,shoe
20,img (20).jpg,man beige shoe,man,beige,shoe
21,img (21).jpg,man green shirt,man,green,shirt
22,img (22).jpg,man white shirt,man,white,shirt
23,img (23).jpg,man black shirt,man,black,shirt
24,img (24).jpg,woman green shirt,woman,green,shirt
25,img (25).jpg,woman pink shirt,woman,pink,shirt
26,img (26).jpg,man black shoe,man,black,shoe
27,img (27).jpg,man gray shoe,man,gray,shoe
28,img (28).jpg,man gray shoe,man,gray,shoe
29,img (29).jpg,man orange shirt,man,orange,shirt
30,img (30).jpg,man beige shirt,man,beige,shirt
31,img (31).jpg,man purple shirt,man,purple,shirt
32,img (32).jpg,man brown shirt,man,brown,shirt
33,img (33).jpg,man white shirt,man,white,shirt
34,img (34).jpg,man yellow shirt,man,yellow,shirt
35,img (35).jpg,man purple shirt,man,purple,shirt
36,img (36).jpg,man light gray shirt,man,light gray,shirt
37,img (37).jpg,man red shirt,man,red,shirt
38,img (38).jpg,man red shirt,man,red,shirt
39,img (39).jpg,man white shirt,man,white,shirt
40,img (40).jpg,man brown shirt,man,brown,shirt
41,img (41).jpg,man dark gray shirt,man,dark gray,shirt
42,img (42).jpg,man dark gray shirt,man,dark gray,shirt
43,img (43).jpg,man turquoise shirt,man,turquoise,shirt
44,img (44).jpg,man orange shirt,man,orange,shirt
45,img (45).jpg,man gray shirt,man,gray,shirt
46,img (46).jpg,man gray pant,man,gray,pant
47,img (47).jpg,man black pant,man,black,pant
48,img (48).jpg,man blue shirt,man,blue,shirt
49,img (49).jpg,man cream shirt,man,cream,shirt
50,img (50).jpg,woman blue shirt,woman,blue,shirt
51,img (51).jpg,woman cream shirt,woman,cream,shirt
52,img (52).jpg,woman red shirt,woman,red,shirt
53,img (53).jpg,woman blue shirt,woman,blue,shirt
54,img (54).jpg,woman orange shirt,woman,orange,shirt
55,img (55).jpg,woman light gray shirt,woman,light gray,shirt
56,img (56).jpg,woman yellow shirt,woman,yellow,shirt
57,img (57).jpg,man gray pant,man,gray,pant
58,img (58).jpg,man cream shirt,man,cream,shirt
59,img (59).jpg,man dark gray shirt,man,dark gray,shirt
60,img (60).jpg,man green shirt,man,green,shirt
61,img (61).jpg,man purple shirt,man,purple,shirt
62,img (62).jpg,man beige shirt,man,beige,shirt
63,img (63).jpg,man light gray shirt,man,light gray,shirt
64,img (64).jpg,man orange shirt,man,orange,shirt
65,img (65).jpg,man magenta shirt,man,magenta,shirt
66,img (66).jpg,man navy shirt,man,navy,shirt
67,img (67).jpg,man navy shirt,man,navy,shirt
68,img (68).jpg,man blue shirt,man,blue,shirt
69,img (69).jpg,man light gray shirt,man,light gray,shirt
70,img (70).jpg,woman black shirt,woman,black,shirt
71,img (71).jpg,man white shirt,man,white,shirt
72,img (72).jpg,man white shirt,man,white,shirt
73,img (73).jpg,woman blue pant,woman,blue,pant
74,img (74).jpg,man white shoe,man,white,shoe
75,img (75).jpg,man white shoe,man,white,shoe
76,img (76).jpg,woman teal shoe,woman,teal,shoe
77,img (77).jpg,man black shoe,man,black,shoe
78,img (78).jpg,man black pant,man,black,pant
79,img (79).jpg,man purple shirt,man,purple,shirt
80,img (80).jpg,man purple shirt,man,purple,shirt
81,img (81).jpg,man blue shirt,man,blue,shirt
82,img (82).jpg,man green shirt,man,green,shirt
83,img (83).jpg,man blue shirt,man,blue,shirt
84,img (84).jpg,man white shirt,man,white,shirt
85,img (85).jpg,woman black shirt,woman,black,shirt
86,img (86).jpg,woman white shirt,woman,white,shirt
87,img (87).jpg,man yellow shirt,man,yellow,shirt
88,img (88).jpg,man purple shirt,man,purple,shirt
89,img (89).jpg,man green shirt,man,green,shirt
90,img (90).jpg,man red shirt,man,red,shirt
91,img (91).jpg,woman green shirt,woman,green,shirt
92,img (92).jpg,woman pink shirt,woman,pink,shirt
93,img (93).jpg,man white shirt,man,white,shirt
94,img (94).jpg,man white shirt,man,white,shirt
95,img (95).jpg,man blue shirt,man,blue,shirt
96,img (96).jpg,man white shirt,man,white,shirt
97,img (97).jpg,man red shirt,man,red,shirt
98,img (98).jpg,woman pink shirt,woman,pink,shirt
99,img (99).jpg,woman black shirt,woman,black,shirt
100,img (100).jpg,woman black shirt,woman,black,shirt
101,img (101).jpg,man yellow shirt,man,yellow,shirt
102,img (102).jpg,man purple shirt,man,purple,shirt
103,img (103).jpg,man white shirt,man,white,shirt
104,img (104).jpg,woman orange shirt,woman,orange,shirt
105,img (105).jpg,woman pink shirt,woman,pink,shirt
106,img (106).jpg,woman black shirt,woman,black,shirt
107,img (107).jpg,man pink shirt,man,pink,shirt
108,img (108).jpg,man orange shirt,man,orange,shirt
109,img (109).jpg,man white shirt,man,white,shirt
110,img (110).jpg,man white shirt,man,white,shirt
111,img (111).jpg,woman pink shirt,woman,pink,shirt
112,img (112).jpg,man red shirt,man,red,shirt
113,img (113).jpg,man black pant,man,black,pant
114,img (114).jpg,man orange shirt,man,orange,shirt
115,img (115).jpg,woman pink shirt,woman,pink,shirt
116,img (116).jpg,man black shirt,man,black,shirt
117,img (117).jpg,woman pink shirt,woman,pink,shirt
118,img (118).jpg,man green shirt,man,green,shirt
119,img (119).jpg,man white shirt,man,white,shirt
120,img (120).jpg,man black shirt,man,black,shirt
121,img (121).jpg,man orange shirt,man,orange,shirt
122,img (122).jpg,man navy shirt,man,navy,shirt
123,img (123).jpg,man white shirt,man,white,shirt
124,img (124).jpg,woman white shirt,woman,white,shirt
125,img (125).jpg,man white shirt,man,white,shirt
126,img (126).jpg,man white shirt,man,white,shirt
127,img (127).jpg,man black shirt,man,black,shirt
128,img (128).jpg,man gray shirt,man,gray,shirt
129,img (129).jpg,man white shirt,man,white,shirt
130,img (130).jpg,man white shirt,man,white,shirt
131,img (131).jpg,man purple shirt,man,purple,shirt
132,img (132).jpg,man black shirt,man,black,shirt
133,img (133).jpg,man white shoe,man,white,shoe
134,img (134).jpg,man gray shoe,man,gray,shoe
135,img (135).jpg,woman white shoe,woman,white,shoe
136,img (136).jpg,woman white shoe,woman,white,shoe
137,img (137).jpg,woman black shoe,woman,black,shoe
138,img (138).jpg,woman black shoe,woman,black,shoe
139,img (139).jpg,woman brown shoe,woman,brown,shoe
140,img (140).jpg,woman blue shoe,woman,blue,shoe
141,img (141).jpg,woman orange shoe,woman,orange,shoe
142,img (142).jpg,woman black shoe,woman,black,shoe
143,img (143).jpg,woman black shoe,woman,black,shoe
144,img (144).jpg,woman cream shoe,woman,cream,shoe
145,img (145).jpg,woman white shoe,woman,white,shoe
146,img (146).jpg,woman cream shoe,woman,cream,shoe
147,img (147).jpg,woman black shoe,woman,black,shoe
148,img (148).jpg,woman black shoe,woman,black,shoe
149,img (149).jpg,woman black shoe,woman,black,shoe
150,img (150).jpg,woman black shoe,woman,black,shoe
151,img (151).jpg,woman white shoe,woman,white,shoe
152,img (152).jpg,woman black pant,woman,black,pant
153,img (153).jpg,woman navy pant,woman,navy,pant
154,img (154).jpg,woman black pant,woman,black,pant
155,img (155).jpg,woman coral shirt,woman,coral,shirt
156,img (156).jpg,woman purple shirt,woman,purple,shirt
157,img (157).jpg,woman red shirt,woman,red,shirt
158,img (158).jpg,woman beige shirt,woman,beige,shirt
159,img (159).jpg,man black shirt,man,black,shirt
160,img (160).jpg,man black shirt,man,black,shirt
161,img (161).jpg,man black shirt,man,black,shirt
162,img (162).jpg,man red shirt,man,red,shirt
163,img (163).jpg,man white shirt,man,white,shirt
164,img (164).jpg,man white shirt,man,white,shirt
165,img (165).jpg,man blue shirt,man,blue,shirt
166,img (166).jpg,man white shirt,man,white,shirt
167,img (167).jpg,man black shirt,man,black,shirt
168,img (168).jpg,man black shirt,man,black,shirt
169,img (169).jpg,woman black shirt,woman,black,shirt
170,img (170).jpg,man green shirt,man,green,shirt
171,img (171).jpg,man black shirt,man,black,shirt
172,img (172).jpg,man black shirt,man,black,shirt
173,img (173).jpg,man navy shirt,man,navy,shirt
174,img (174).jpg,man black shirt,man,black,shirt
175,img (175).jpg,man black shirt,man,black,shirt
176,img (176).jpg,man red shirt,man,red,shirt
177,img (177).jpg,man purple shirt,man,purple,shirt
178,img (178).jpg,woman black shirt,woman,black,shirt
179,img (179).jpg,woman black shirt,woman,black,shirt
180,img (180).jpg,woman pink shirt,woman,pink,shirt
181,img (181).jpg,woman green shirt,woman,green,shirt
182,img (182).jpg,woman purple shirt,woman,purple,shirt
183,img (183).jpg,man green shirt,man,green,shirt
184,img (184).jpg,man cream shirt,man,cream,shirt
185,img (185).jpg,man blue shirt,man,blue,shirt
186,img (186).jpg,man purple shirt,man,purple,shirt
187,img (187).jpg,man black shirt,man,black,shirt
188,img (188).jpg,man red shirt,man,red,shirt
189,img (189).jpg,man blue shirt,man,blue,shirt
190,img (190).jpg,man black shirt,man,black,shirt
191,img (191).jpg,man cream shirt,man,cream,shirt
192,img (192).jpg,man black shirt,man,black,shirt
193,img (193).jpg,man yellow shirt,man,yellow,shirt
194,img (194).jpg,man dark gray shirt,man,dark gray,shirt
195,img (195).jpg,man brown shirt,man,brown,shirt
196,img (196).jpg,man brown shirt,man,brown,shirt
197,img (197).jpg,man blue shirt,man,blue,shirt
198,img (198).jpg,man cream shirt,man,cream,shirt
199,img (199).jpg,man beige shirt,man,beige,shirt
200,img (200).jpg,man brown shirt,man,brown,shirt
201,img (201).jpg,man black shoe,man,black,shoe
202,img (202).jpg,man blue shoe,man,blue,shoe
203,img (203).jpg,man gray shoe,man,gray,shoe
204,img (204).jpg,man black shoe,man,black,shoe
205,img (205).jpg,man blue shoe,man,blue,shoe
206,img (206).jpg,man white shoe,man,white,shoe
207,img (207).jpg,man white shoe,man,white,shoe
208,img (208).jpg,man white shoe,man,white,shoe
209,img (209).jpg,man white shoe,man,white,shoe
210,img (210).jpg,man black shoe,man,black,shoe
211,img (211).jpg,man white shoe,man,white,shoe
212,img (212).jpg,man black shoe,man,black,shoe
213,img (213).jpg,man white shoe,man,white,shoe
214,img (214).jpg,man black shoe,man,black,shoe
215,img (215).jpg,man black shoe,man,black,shoe
216,img (216).jpg,man white shoe,man,white,shoe
217,img (217).jpg,man white shoe,man,white,shoe
218,img (218).jpg,man black shoe,man,black,shoe
219,img (219).jpg,man black shoe,man,black,shoe
220,img (220).jpg,man gray shoe,man,gray,shoe
221,img (221).jpg,woman white shoe,woman,white,shoe
222,img (222).jpg,man white shoe,man,white,shoe
223,img (223).jpg,woman black shirt,woman,black,shirt
224,img (224).jpg,woman purple shirt,woman,purple,shirt
225,img (225).jpg,woman purple shirt,woman,purple,shirt
226,img (226).jpg,woman pink shirt,woman,pink,shirt
227,img (227).jpg,woman yellow shirt,woman,yellow,shirt
228,img (228).jpg,woman pink shoe,woman,pink,shoe
229,img (229).jpg,man white shoe,man,white,shoe
230,img (230).jpg,man white shoe,man,white,shoe
231,img (231).jpg,man black shoe,man,black,shoe
232,img (232).jpg,man black shoe,man,black,shoe
233,img (233).jpg,man white shoe,man,white,shoe
234,img (234).jpg,man pink shoe,man,pink,shoe
235,img (235).jpg,man black shoe,man,black,shoe
236,img (236).jpg,man black shoe,man,black,shoe
237,img (237).jpg,man gray shoe,man,gray,shoe
238,img (238).jpg,man cream shoe,man,cream,shoe
239,img (239).jpg,man cream shoe,man,cream,shoe
240,img (240).jpg,man cream shoe,man,cream,shoe
241,img (241).jpg,man cream shoe,man,cream,shoe
242,img (242).jpg,man gray shoe,man,gray,shoe
243,img (243).jpg,man cream shoe,man,cream,shoe
244,img (244).jpg,man gray shoe,man,gray,shoe
245,img (245).jpg,man black shoe,man,black,shoe
246,img (246).jpg,man gray shoe,man,gray,shoe
247,img (247).jpg,man gray shoe,man,gray,shoe
248,img (248).jpg,man light gray shoe,man,light gray,shoe
249,img (249).jpg,man light gray shoe,man,light gray,shoe
250,img (250).jpg,man black shoe,man,black,shoe
251,img (251).jpg,man gray shoe,man,gray,shoe
252,img (252).jpg,man gray shoe,man,gray,shoe
253,img (253).jpg,man white shoe,man,white,shoe
254,img (254).jpg,man white shoe,man,white,shoe
255,img (255).jpg,man cream shoe,man,cream,shoe
256,img (256).jpg,man gray shoe,man,gray,shoe
257,img (257).jpg,man black shoe,man,black,shoe
258,img (258).jpg,man gray shoe,man,gray,shoe
259,img (259).jpg,man gray shoe,man,gray,shoe
260,img (260).jpg,man gray shoe,man,gray,shoe
261,img (261).jpg,man gray shoe,man,gray,shoe
262,img (262).jpg,man gray shoe,man,gray,shoe
263,img (263).jpg,man gray shoe,man,gray,shoe
264,img (264).jpg,man white shoe,man,white,shoe
265,img (265).jpg,man blue shoe,man,blue,shoe
266,img (266).jpg,man black shoe,man,black,shoe
267,img (267).jpg,man black shoe,man,black,shoe
268,img (268).jpg,woman black shirt,woman,black,shirt
269,img (269).jpg,woman black shirt,woman,black,shirt
270,img (270).jpg,woman black shirt,woman,black,shirt
271,img (271).jpg,man gray shoe,man,gray,shoe
272,img (272).jpg,man gray shoe,man,gray,shoe
273,img (273).jpg,man white shoe,man,white,shoe
274,img (274).jpg,man gray shoe,man,gray,shoe
275,img (275).jpg,man white shoe,man,white,shoe
276,img (276).jpg,man white shoe,man,white,shoe
277,img (277).jpg,man white shoe,man,white,shoe
278,img (278).jpg,man white shoe,man,white,shoe
279,img (279).jpg,man gray shoe,man,gray,shoe
280,img (280).jpg,man gray shoe,man,gray,shoe
281,img (281).jpg,man white shoe,man,white,shoe
282,img (282).jpg,man black shoe,man,black,shoe
283,img (283).jpg,man brown shoe,man,brown,shoe
284,img (284).jpg,man black shoe,man,black,shoe
285,img (285).jpg,woman cream shirt,woman,cream,shirt
286,img (286).jpg,woman black shirt,woman,black,shirt
287,img (287).jpg,woman black shirt,woman,black,shirt
288,img (288).jpg,woman black shirt,woman,black,shirt
289,img (289).jpg,woman black shirt,woman,black,shirt
290,img (290).jpg,woman black shirt,woman,black,shirt
291,img (291).jpg,woman black shirt,woman,black,shirt
292,img (292).jpg,woman black shirt,woman,black,shirt
293,img (293).jpg,woman black shirt,woman,black,shirt
294,img (294).jpg,woman black shirt,woman,black,shirt
295,img (295).jpg,woman red shirt,woman,red,shirt
296,img (296).jpg,woman yellow shirt,woman,yellow,shirt
297,img (297).jpg,woman black shirt,woman,black,shirt
298,img (298).jpg,woman pink shirt,woman,pink,shirt
299,img (299).jpg,woman black shirt,woman,black,shirt
300,img (300).jpg,woman black shirt,woman,black,shirt
301,img (301).jpg,woman pink shirt,woman,pink,shirt
302,img (302).jpg,woman black shirt,woman,black,shirt
303,img (303).jpg,woman green shirt,woman,green,shirt
304,img (304).jpg,woman black shirt,woman,black,shirt
305,img (305).jpg,woman brown shirt,woman,brown,shirt
306,img (306).jpg,woman white shirt,woman,white,shirt
307,img (307).jpg,woman purple shirt,woman,purple,shirt
308,img (308).jpg,woman red shirt,woman,red,shirt
309,img (309).jpg,woman pink shirt,woman,pink,shirt
310,img (310).jpg,woman red shirt,woman,red,shirt
311,img (311).jpg,woman pink shirt,woman,pink,shirt
312,img (312).jpg,woman yellow shirt,woman,yellow,shirt
313,img (313).jpg,woman green shirt,woman,green,shirt
314,img (314).jpg,woman white shirt,woman,white,shirt
315,img (315).jpg,woman purple shirt,woman,purple,shirt
316,img (316).jpg,woman blue shirt,woman,blue,shirt
317,img (317).jpg,woman pink shirt,woman,pink,shirt
318,img (318).jpg,man white shoe,man,white,shoe
319,img (319).jpg,man black shoe,man,black,shoe
320,img (320).jpg,man white shoe,man,white,shoe
321,img (321).jpg,man black shoe,man,black,shoe
322,img (322).jpg,man white shoe,man,white,shoe
323,img (323).jpg,man white shoe,man,white,shoe
324,img (324).jpg,man white shoe,man,white,shoe
325,img (325).jpg,man white shoe,man,white,shoe
326,img (326).jpg,man black shoe,man,black,shoe
327,img (327).jpg,man white shoe,man,white,shoe
328,img (328).jpg,man white shoe,man,white,shoe
329,img (329).jpg,man white shoe,man,white,shoe
330,img (330).jpg,man white shoe,man,white,shoe
331,img (331).jpg,man white shoe,man,white,shoe
332,img (332).jpg,woman pink shirt,woman,pink,shirt
333,img (333).jpg,woman yellow shirt,woman,yellow,shirt
334,img (334).jpg,woman white shirt,woman,white,shirt
335,img (335).jpg,woman yellow shirt,woman,yellow,shirt
336,img (336).jpg,man red shirt,man,red,shirt
337,img (337).jpg,woman green shirt,woman,green,shirt
338,img (338).jpg,woman purple shirt,woman,purple,shirt
339,img (339).jpg,man yellow shirt,man,yellow,shirt
340,img (340).jpg,man yellow shirt,man,yellow,shirt
341,img (341).jpg,man white shirt,man,white,shirt
342,img (342).jpg,man blue shirt,man,blue,shirt
343,img (343).jpg,man black shirt,man,black,shirt
344,img (344).jpg,man green shirt,man,green,shirt
345,img (345).jpg,man blue shirt,man,blue,shirt
346,img (346).jpg,woman maroon shirt,woman,maroon,shirt
347,img (347).jpg,man red shirt,man,red,shirt
348,img (348).jpg,man red shirt,man,red,shirt
349,img (349).jpg,man gray shirt,man,gray,shirt
350,img (350).jpg,man gray shirt,man,gray,shirt
351,img (351).jpg,woman black shirt,woman,black,shirt
352,img (352).jpg,woman black shirt,woman,black,shirt
353,img (353).jpg,woman white shirt,woman,white,shirt
354,img (354).jpg,woman pink shirt,woman,pink,shirt
355,img (355).jpg,woman pink shirt,woman,pink,shirt
356,img (356).jpg,woman white shirt,woman,white,shirt
357,img (357).jpg,woman white shirt,woman,white,shirt
358,img (358).jpg,woman yellow shirt,woman,yellow,shirt
359,img (359).jpg,woman yellow shirt,woman,yellow,shirt
360,img (360).jpg,woman green shirt,woman,green,shirt
361,img (361).jpg,woman green shirt,woman,green,shirt
362,img (362).jpg,woman pink shirt,woman,pink,shirt
363,img (363).jpg,woman pink shirt,woman,pink,shirt
364,img (364).jpg,woman pink shirt,woman,pink,shirt
365,img (365).jpg,woman pink shirt,woman,pink,shirt
366,img (366).jpg,woman pink shirt,woman,pink,shirt
367,img (367).jpg,woman pink shirt,woman,pink,shirt
368,img (368).jpg,woman white shirt,woman,white,shirt
369,img (369).jpg,woman white shirt,woman,white,shirt
370,img (370).jpg,woman pink shirt,woman,pink,shirt
371,img (371).jpg,woman pink shirt,woman,pink,shirt
372,img (372).jpg,woman pink shirt,woman,pink,shirt
373,img (373).jpg,woman pink shirt,woman,pink,shirt
374,img (374).jpg,woman blue pant,woman,blue,pant
375,img (375).jpg,woman blue pant,woman,blue,pant
376,img (376).jpg,woman white pant,woman,white,pant
377,img (377).jpg,woman pink pant,woman,pink,pant
378,img (378).jpg,woman gray pant,woman,gray,pant
379,img (379).jpg,woman black pant,woman,black,pant
380,img (380).jpg,man black pant,man,black,pant
381,img (381).jpg,man cream pant,man,cream,pant
382,img (382).jpg,man blue pant,man,blue,pant
383,img (383).jpg,man green pant,man,green,pant
384,img (384).jpg,man black pant,man,black,pant
385,img (385).jpg,woman black pant,woman,black,pant
386,img (386).jpg,woman blue pant,woman,blue,pant
387,img (387).jpg,woman blue pant,woman,blue,pant
388,img (388).jpg,woman blue pant,woman,blue,pant
389,img (389).jpg,woman blue pant,woman,blue,pant
390,img (390).jpg,woman blue pant,woman,blue,pant
391,img (391).jpg,woman black pant,woman,black,pant
392,img (392).jpg,woman blue pant,woman,blue,pant
393,img (393).jpg,woman black pant,woman,black,pant
394,img (394).jpg,woman black pant,woman,black,pant
395,img (395).jpg,woman gray pant,woman,gray,pant
396,img (396).jpg,woman gray pant,woman,gray,pant
397,img (397).jpg,woman black pant,woman,black,pant
398,img (398).jpg,man black pant,man,black,pant
399,img (399).jpg,man black pant,man,black,pant
400,img (400).jpg,man cream pant,man,cream,pant
401,img (401).jpg,man white pant,man,white,pant
402,img (402).jpg,man black pant,man,black,pant
403,img (403).jpg,man black pant,man,black,pant
404,img (404).jpg,man white pant,man,white,pant
405,img (405).jpg,man beige pant,man,beige,pant
406,img (406).jpg,man beige pant,man,beige,pant
407,img (407).jpg,man black pant,man,black,pant
408,img (408).jpg,man gray pant,man,gray,pant
409,img (409).jpg,man cream pant,man,cream,pant
410,img (410).jpg,man cream pant,man,cream,pant
411,img (411).jpg,man gray pant,man,gray,pant
412,img (412).jpg,man gray pant,man,gray,pant
413,img (413).jpg,man blue pant,man,blue,pant
414,img (414).jpg,man green pant,man,green,pant
415,img (415).jpg,man black pant,man,black,pant
416,img (416).jpg,man black pant,man,black,pant
417,img (417).jpg,man black pant,man,black,pant
418,img (418).jpg,man gray pant,man,gray,pant
419,img (419).jpg,woman blue pant,woman,blue,pant
420,img (420).jpg,man navy pant,man,navy,pant
421,img (421).jpg,woman blue pant,woman,blue,pant
422,img (422).jpg,woman blue pant,woman,blue,pant
423,img (423).jpg,woman black pant,woman,black,pant
424,img (424).jpg,woman blue pant,woman,blue,pant
425,img (425).jpg,woman blue pant,woman,blue,pant
426,img (426).jpg,woman navy pant,woman,navy,pant
427,img (427).jpg,woman navy pant,woman,navy,pant
428,img (428).jpg,woman black pant,woman,black,pant
429,img (429).jpg,man black pant,man,black,pant
430,img (430).jpg,man gray pant,man,gray,pant
431,img (431).jpg,man blue pant,man,blue,pant
432,img (432).jpg,man blue pant,man,blue,pant
433,img (433).jpg,man black pant,man,black,pant
434,img (434).jpg,man blue pant,man,blue,pant
435,img (435).jpg,man blue pant,man,blue,pant
436,img (436).jpg,man black pant,man,black,pant
437,img (437).jpg,man blue pant,man,blue,pant
438,img (438).jpg,man gray pant,man,gray,pant
439,img (439).jpg,man gray pant,man,gray,pant
440,img (440).jpg,man blue pant,man,blue,pant
441,img (441).jpg,man blue pant,man,blue,pant
442,img (442).jpg,man blue pant,man,blue,pant
443,img (443).jpg,man blue pant,man,blue,pant
444,img (444).jpg,man black pant,man,black,pant
445,img (445).jpg,man black pant,man,black,pant
446,img (446).jpg,man blue pant,man,blue,pant
447,img (447).jpg,man black pant,man,black,pant
448,img (448).jpg,man navy pant,man,navy,pant
449,img (449).jpg,man black pant,man,black,pant
450,img (450).jpg,man blue pant,man,blue,pant
451,img (451).jpg,man blue pant,man,blue,pant
452,img (452).jpg,man black pant,man,black,pant
453,img (453).jpg,man black pant,man,black,pant
454,img (454).jpg,man white pant,man,white,pant
455,img (455).jpg,man black pant,man,black,pant
456,img (456).jpg,man navy pant,man,navy,pant
457,img (457).jpg,man blue pant,man,blue,pant
458,img (458).jpg,man black pant,man,black,pant
459,img (459).jpg,man blue pant,man,blue,pant
460,img (460).jpg,man red shirt,man,red,shirt
461,img (461).jpg,man gray shirt,man,gray,shirt
462,img (462).jpg,man white shirt,man,white,shirt
463,img (463).jpg,man red shirt,man,red,shirt
464,img (464).jpg,man black shirt,man,black,shirt
465,img (465).jpg,man blue shirt,man,blue,shirt
466,img (466).jpg,man gray pant,man,gray,pant
467,img (467).jpg,woman black pant,woman,black,pant
468,img (468).jpg,man black pant,man,black,pant
469,img (469).jpg,man gray pant,man,gray,pant
470,img (470).jpg,man gray pant,man,gray,pant
471,img (471).jpg,man gray pant,man,gray,pant
472,img (472).jpg,man dark gray pant,man,dark gray,pant
473,img (473).jpg,man navy pant,man,navy,pant
474,img (474).jpg,man blue pant,man,blue,pant
475,img (475).jpg,man blue pant,man,blue,pant
476,img (476).jpg,man black pant,man,black,pant
477,img (477).jpg,man navy pant,man,navy,pant
478,img (478).jpg,man navy pant,man,navy,pant
479,img (479).jpg,man blue pant,man,blue,pant
480,img (480).jpg,man black shoe,man,black,shoe
481,img (481).jpg,man black shoe,man,black,shoe
482,img (482).jpg,man black pant,man,black,pant
483,img (483).jpg,man blue pant,man,blue,pant
484,img (484).jpg,man navy pant,man,navy,pant
485,img (485).jpg,man blue pant,man,blue,pant
486,img (486).jpg,woman black pant,woman,black,pant
487,img (487).jpg,woman black pant,woman,black,pant
488,img (488).jpg,woman navy pant,woman,navy,pant
489,img (489).jpg,woman black pant,woman,black,pant
490,img (490).jpg,woman black pant,woman,black,pant
491,img (491).jpg,woman black pant,woman,black,pant
492,img (492).jpg,woman blue pant,woman,blue,pant
493,img (493).jpg,woman gray pant,woman,gray,pant
494,img (494).jpg,woman black pant,woman,black,pant
495,img (495).jpg,woman black pant,woman,black,pant
496,img (496).jpg,woman navy pant,woman,navy,pant
497,img (497).jpg,man black pant,man,black,pant
498,img (498).jpg,man cream pant,man,cream,pant
499,img (499).jpg,man beige pant,man,beige,pant
500,img (500).jpg,man brown pant,man,brown,pant
501,img (501).jpg,man beige pant,man,beige,pant
502,img (502).jpg,man cream pant,man,cream,pant
503,img (503).jpg,man gray pant,man,gray,pant
504,img (504).jpg,man gray pant,man,gray,pant
505,img (505).jpg,man gray pant,man,gray,pant
506,img (506).jpg,man gray pant,man,gray,pant
507,img (507).jpg,man cream pant,man,cream,pant
508,img (508).jpg,woman black pant,woman,black,pant
509,img (509).jpg,woman black pant,woman,black,pant
510,img (510).jpg,man black pant,man,black,pant
511,img (511).jpg,man black pant,man,black,pant
512,img (512).jpg,man navy pant,man,navy,pant
513,img (513).jpg,man blue pant,man,blue,pant
514,img (514).jpg,man blue pant,man,blue,pant
515,img (515).jpg,man black pant,man,black,pant
516,img (516).jpg,man navy pant,man,navy,pant
517,img (517).jpg,man black pant,man,black,pant
518,img (518).jpg,man gray pant,man,gray,pant
519,img (519).jpg,man blue pant,man,blue,pant
520,img (520).jpg,man black pant,man,black,pant
521,img (521).jpg,man black pant,man,black,pant
522,img (522).jpg,man gray pant,man,gray,pant
523,img (523).jpg,man navy pant,man,navy,pant
524,img (524).jpg,man navy pant,man,navy,pant
525,img (525).jpg,man black pant,man,black,pant
526,img (526).jpg,man gray pant,man,gray,pant
527,img (527).jpg,man gray pant,man,gray,pant
528,img (528).jpg,man blue pant,man,blue,pant
529,img (529).jpg,man blue pant,man,blue,pant
530,img (530).jpg,woman black pant,woman,black,pant
531,img (531).jpg,woman black pant,woman,black,pant
532,img (532).jpg,woman blue pant,woman,blue,pant
533,img (533).jpg,woman navy pant,woman,navy,pant
534,img (534).jpg,woman navy pant,woman,navy,pant
535,img (535).jpg,woman navy pant,woman,navy,pant
536,img (536).jpg,man navy pant,man,navy,pant
537,img (537).jpg,man black pant,man,black,pant
538,img (538).jpg,man gray pant,man,gray,pant
539,img (539).jpg,man black pant,man,black,pant
540,img (540).jpg,man navy pant,man,navy,pant
541,img (541).jpg,man cream pant,man,cream,pant
542,img (542).jpg,woman gray pant,woman,gray,pant
543,img (543).jpg,woman green pant,woman,green,pant
544,img (544).jpg,woman black pant,woman,black,pant
545,img (545).jpg,woman black pant,woman,black,pant
546,img (546).jpg,man gray pant,man,gray,pant
547,img (547).jpg,man navy pant,man,navy,pant
548,img (548).jpg,man black pant,man,black,pant
549,img (549).jpg,man navy pant,man,navy,pant
550,img (550).jpg,man navy pant,man,navy,pant
551,img (551).jpg,man dark gray pant,man,dark gray,pant
552,img (552).jpg,man navy pant,man,navy,pant
553,img (553).jpg,man navy pant,man,navy,pant
554,img (554).jpg,man navy pant,man,navy,pant
555,img (555).jpg,man navy pant,man,navy,pant
556,img (556).jpg,man blue pant,man,blue,pant
557,img (557).jpg,man black pant,man,black,pant
558,img (558).jpg,man blue pant,man,blue,pant
559,img (559).jpg,man blue pant,man,blue,pant
560,img (560).jpg,man blue pant,man,blue,pant
561,img (561).jpg,man black pant,man,black,pant
562,img (562).jpg,man black pant,man,black,pant
563,img (563).jpg,man black pant,man,black,pant
564,img (564).jpg,man black pant,man,black,pant
565,img (565).jpg,man navy pant,man,navy,pant
566,img (566).jpg,man navy pant,man,navy,pant
567,img (567).jpg,man navy pant,man,navy,pant
568,img (568).jpg,man blue pant,man,blue,pant
569,img (569).jpg,man blue pant,man,blue,pant
570,img (570).jpg,man orange shirt,man,orange,shirt
571,img (571).jpg,man white shirt,man,white,shirt
572,img (572).jpg,man gray shirt,man,gray,shirt
573,img (573).jpg,man black shirt,man,black,shirt
574,img (574).jpg,woman white shirt,woman,white,shirt
575,img (575).jpg,woman white shirt,woman,white,shirt
576,img (576).jpg,woman yellow shirt,woman,yellow,shirt
577,img (577).jpg,woman pink shirt,woman,pink,shirt
578,img (578).jpg,woman black shirt,woman,black,shirt
579,img (579).jpg,man gray shirt,man,gray,shirt
580,img (580).jpg,man white shoe,man,white,shoe
581,img (581).jpg,man cream shoe,man,cream,shoe
582,img (582).jpg,man gray shoe,man,gray,shoe
583,img (583).jpg,man white shoe,man,white,shoe
584,img (584).jpg,man black shoe,man,black,shoe
585,img (585).jpg,man black shoe,man,black,shoe
586,img (586).jpg,man black shoe,man,black,shoe
587,img (587).jpg,man white shoe,man,white,shoe
588,img (588).jpg,man blue pant,man,blue,pant
589,img (589).jpg,woman pink shirt,woman,pink,shirt
590,img (590).jpg,woman pink shirt,woman,pink,shirt
591,img (591).jpg,woman pink shirt,woman,pink,shirt
592,img (592).jpg,woman pink shirt,woman,pink,shirt
593,img (593).jpg,woman pink shirt,woman,pink,shirt
594,img (594).jpg,woman pink shirt,woman,pink,shirt
595,img (595).jpg,woman pink shirt,woman,pink,shirt
596,img (596).jpg,woman pink shirt,woman,pink,shirt
597,img (597).jpg,woman pink shirt,woman,pink,shirt
598,img (598).jpg,woman pink shirt,woman,pink,shirt
599,img (599).jpg,woman pink shirt,woman,pink,shirt
600,img (600).jpg,woman pink shirt,woman,pink,shirt
601,img (601).jpg,woman pink shirt,woman,pink,shirt
602,img (602).jpg,woman pink shirt,woman,pink,shirt
603,img (603).jpg,woman pink shirt,woman,pink,shirt
604,img (604).jpg,woman pink shirt,woman,pink,shirt
605,img (605).jpg,man pink shirt,man,pink,shirt
606,img (606).jpg,woman pink shirt,woman,pink,shirt
607,img (607).jpg,woman pink shirt,woman,pink,shirt
608,img (608).jpg,woman pink shirt,woman,pink,shirt
609,img (609).jpg,woman pink shirt,woman,pink,shirt
610,img (610).jpg,woman pink pant,woman,pink,pant
611,img (611).jpg,woman pink shoe,woman,pink,shoe
612,img (612).jpg,woman pink shirt,woman,pink,shirt
613,img (613).jpg,woman pink shirt,woman,pink,shirt
614,img (614).jpg,woman pink shirt,woman,pink,shirt
615,img (615).jpg,woman pink shirt,woman,pink,shirt
616,img (616).jpg,woman pink shirt,woman,pink,shirt
617,img (617).jpg,woman pink shirt,woman,pink,shirt
618,img (618).jpg,woman pink shirt,woman,pink,shirt
619,img (619).jpg,woman pink pant,woman,pink,pant
620,img (620).jpg,woman pink shirt,woman,pink,shirt
621,img (621).jpg,woman pink shirt,woman,pink,shirt
622,img (622).jpg,woman pink shirt,woman,pink,shirt
623,img (623).jpg,man pink shirt,man,pink,shirt
624,img (624).jpg,woman pink shirt,woman,pink,shirt
625,img (625).jpg,woman pink shirt,woman,pink,shirt
626,img (626).jpg,man pink shirt,man,pink,shirt
627,img (627).jpg,woman pink shirt,woman,pink,shirt
628,img (628).jpg,woman pink shirt,woman,pink,shirt
629,img (629).jpg,woman pink shirt,woman,pink,shirt
630,img (630).jpg,woman pink shirt,woman,pink,shirt
631,img (631).jpg,woman pink shirt,woman,pink,shirt
632,img (632).jpg,woman pink shirt,woman,pink,shirt
633,img (633).jpg,woman pink shirt,woman,pink,shirt
634,img (634).jpg,woman pink shirt,woman,pink,shirt
635,img (635).jpg,woman pink shirt,woman,pink,shirt
636,img (636).jpg,woman pink shirt,woman,pink,shirt
637,img (637).jpg,man pink shirt,man,pink,shirt
638,img (638).jpg,man pink shirt,man,pink,shirt
639,img (639).jpg,woman pink shirt,woman,pink,shirt
640,img (640).jpg,man pink shirt,man,pink,shirt
641,img (641).jpg,woman pink shirt,woman,pink,shirt
642,img (642).jpg,woman pink shirt,woman,pink,shirt
643,img (643).jpg,woman pink shirt,woman,pink,shirt
644,img (644).jpg,woman pink shirt,woman,pink,shirt
645,img (645).jpg,woman pink shirt,woman,pink,shirt
646,img (646).jpg,woman pink shirt,woman,pink,shirt
647,img (647).jpg,woman pink shirt,woman,pink,shirt
648,img (648).jpg,woman pink shoe,woman,pink,shoe
649,img (649).jpg,woman pink shirt,woman,pink,shirt
650,img (650).jpg,woman pink shirt,woman,pink,shirt
651,img (651).jpg,man pink shirt,man,pink,shirt
652,img (652).jpg,man pink shirt,man,pink,shirt
653,img (653).jpg,man pink shirt,man,pink,shirt
654,img (654).jpg,woman pink shirt,woman,pink,shirt
655,img (655).jpg,woman pink shirt,woman,pink,shirt
656,img (656).jpg,man pink shirt,man,pink,shirt
657,img (657).jpg,woman pink pant,woman,pink,pant
658,img (658).jpg,woman pink shirt,woman,pink,shirt
659,img (659).jpg,woman pink shirt,woman,pink,shirt
660,img (660).jpg,woman pink shirt,woman,pink,shirt
661,img (661).jpg,woman pink shirt,woman,pink,shirt
662,img (662).jpg,woman pink pant,woman,pink,pant
663,img (663).jpg,woman pink shirt,woman,pink,shirt
664,img (664).jpg,woman pink shirt,woman,pink,shirt
665,img (665).jpg,woman pink shirt,woman,pink,shirt
666,img (666).jpg,woman pink pant,woman,pink,pant
667,img (667).jpg,woman pink shirt,woman,pink,shirt
668,img (668).jpg,man pink shirt,man,pink,shirt
669,img (669).jpg,woman pink shoe,woman,pink,shoe
670,img (670).jpg,woman pink shirt,woman,pink,shirt
671,img (671).jpg,woman pink shoe,woman,pink,shoe
672,img (672).jpg,woman pink shirt,woman,pink,shirt
673,img (673).jpg,woman pink shirt,woman,pink,shirt
674,img (674).jpg,woman pink pant,woman,pink,pant
675,img (675).jpg,woman pink shirt,woman,pink,shirt
676,img (676).jpg,woman pink shirt,woman,pink,shirt
677,img (677).jpg,woman pink shirt,woman,pink,shirt
678,img (678).jpg,woman pink pant,woman,pink,pant
679,img (679).jpg,woman pink pant,woman,pink,pant
680,img (680).jpg,woman pink shirt,woman,pink,shirt
681,img (681).jpg,woman pink shirt,woman,pink,shirt
682,img (682).jpg,woman pink shirt,woman,pink,shirt
683,img (683).jpg,woman pink shirt,woman,pink,shirt
684,img (684).jpg,man green shoe,man,green,shoe
685,img (685).jpg,woman red shirt,woman,red,shirt
686,img (686).jpg,man red shirt,man,red,shirt
687,img (687).jpg,man red shoe,man,red,shoe
688,img (688).jpg,man red shoe,man,red,shoe
689,img (689).jpg,man red shirt,man,red,shirt
690,img (690).jpg,man red shirt,man,red,shirt
691,img (691).jpg,man red shirt,man,red,shirt
692,img (692).jpg,man red shoe,man,red,shoe
693,img (693).jpg,man red shirt,man,red,shirt
694,img (694).jpg,man red shirt,man,red,shirt
695,img (695).jpg,man red shirt,man,red,shirt
696,img (696).jpg,man red shirt,man,red,shirt
697,img (697).jpg,man red shirt,man,red,shirt
698,img (698).jpg,man red shirt,man,red,shirt
699,img (699).jpg,man red shirt,man,red,shirt
700,img (700).jpg,man red shirt,man,red,shirt
701,img (701).jpg,man red shirt,man,red,shirt
702,img (702).jpg,man red shirt,man,red,shirt
703,img (703).jpg,man red shirt,man,red,shirt
704,img (704).jpg,man red shirt,man,red,shirt
705,img (705).jpg,woman pink shoe,woman,pink,shoe
706,img (706).jpg,woman red shoe,woman,red,shoe
707,img (707).jpg,woman red shirt,woman,black,shoe
708,img (708).jpg,woman red shirt,woman,gray,shoe
709,img (709).jpg,woman red shirt,man,pink,shirt
710,img (710).jpg,man red shirt,man,red,shirt
711,img (711).jpg,man red shirt,man,red,shirt
712,img (712).jpg,man red shirt,man,red,shirt
713,img (713).jpg,man red shirt,man,red,shirt
714,img (714).jpg,man red shirt,man,red,shirt
715,img (715).jpg,man red shirt,man,red,shirt
716,img (716).jpg,man red shirt,man,red,shirt
717,img (717).jpg,man red shirt,man,red,shirt
718,img (718).jpg,woman beige shoe,woman,beige,shoe
719,img (719).jpg,woman black shoe,woman,black,shoe
720,img (720).jpg,woman blue shoe,woman,blue,shoe
721,img (721).jpg,woman gray shoe,woman,gray,shoe
722,img (722).jpg,woman red shoe,woman,red,shoe
723,img (723).jpg,woman black shoe,woman,black,shoe
724,img (724).jpg,woman blue shoe,woman,blue,shoe
725,img (725).jpg,woman black shoe,woman,black,shoe
726,img (726).jpg,woman brown shoe,woman,brown,shoe
727,img (727).jpg,woman black shoe,woman,black,shoe
728,img (728).jpg,woman brown shoe,woman,brown,shoe
729,img (729).jpg,woman black shoe,woman,black,shoe
730,img (730).jpg,woman brown shoe,woman,brown,shoe
731,img (731).jpg,woman red shoe,woman,red,shoe
732,img (732).jpg,woman black shoe,woman,black,shoe
733,img (733).jpg,woman red shoe,woman,red,shoe
734,img (734).jpg,woman gray shoe,woman,gray,shoe
735,img (735).jpg,woman black shoe,woman,black,shoe
736,img (736).jpg,woman brown shoe,woman,brown,shoe
737,img (737).jpg,woman black shoe,woman,black,shoe
738,img (738).jpg,woman brown shoe,woman,brown,shoe
739,img (739).jpg,woman gray shoe,woman,gray,shoe
740,img (740).jpg,woman gray shoe,woman,gray,shoe
741,img (741).jpg,woman brown shoe,woman,brown,shoe
742,img (742).jpg,woman red shoe,woman,red,shoe
743,img (743).jpg,woman beige shoe,woman,beige,shoe
744,img (744).jpg,woman black shoe,woman,black,shoe
745,img (745).jpg,woman black shoe,woman,black,shoe
746,img (746).jpg,woman beige shoe,woman,beige,shoe
747,img (747).jpg,woman black shoe,woman,black,shoe
748,img (748).jpg,woman black shoe,woman,black,shoe
749,img (749).jpg,woman beige shoe,woman,beige,shoe
750,img (750).jpg,woman black shoe,woman,black,shoe
751,img (751).jpg,woman red shirt,woman,red,shirt
752,img (752).jpg,woman red shirt,woman,red,shirt
753,img (753).jpg,woman red shirt,woman,red,shirt
754,img (754).jpg,woman red shoe,woman,red,shoe
755,img (755).jpg,man red shirt,man,red,shirt
756,img (756).jpg,woman red shoe,woman,red,shoe
757,img (757).jpg,woman blue shoe,woman,blue,shoe
758,img (758).jpg,woman orange shoe,woman,orange,shoe
759,img (759).jpg,woman yellow shoe,woman,yellow,shoe
760,img (760).jpg,woman orange shoe,woman,orange,shoe
761,img (761).jpg,woman black shoe,woman,black,shoe
762,img (762).jpg,woman pink shoe,woman,pink,shoe
763,img (763).jpg,woman brown shoe,woman,brown,shoe
764,img (764).jpg,woman green shoe,woman,green,shoe
765,img (765).jpg,woman blue shoe,woman,blue,shoe
766,img (766).jpg,woman purple shoe,woman,purple,shoe
767,img (767).jpg,woman black shoe,woman,black,shoe
768,img (768).jpg,woman brown shoe,woman,brown,shoe
769,img (769).jpg,woman red shoe,woman,red,shoe
770,img (770).jpg,woman red shoe,woman,red,shoe
771,img (771).jpg,woman pink shoe,woman,pink,shoe
772,img (772).jpg,woman pink shoe,woman,pink,shoe
773,img (773).jpg,woman white shoe,woman,white,shoe
774,img (774).jpg,woman white shirt,woman,white,shirt
775,img (775).jpg,woman white shirt,woman,white,shirt
776,img (776).jpg,woman pink shirt,woman,pink,shirt
777,img (777).jpg,woman green shirt,woman,green,shirt
778,img (778).jpg,woman white shirt,woman,white,shirt
779,img (779).jpg,woman white shirt,woman,white,shirt
780,img (780).jpg,woman red shirt,woman,red,shirt
781,img (781).jpg,man red shirt,man,red,shirt
782,img (782).jpg,man red pant,man,red,pant
783,img (783).jpg,woman pink shoe,woman,pink,shoe
784,img (784).jpg,man red shirt,man,red,shirt
785,img (785).jpg,man red shirt,man,red,shirt
786,img (786).jpg,man red shirt,man,red,shirt
787,img (787).jpg,man red shirt,man,red,shirt
788,img (788).jpg,man red shirt,man,red,shirt
789,img (789).jpg,man red shirt,man,red,shirt
790,img (790).jpg,man red shirt,man,red,shirt
791,img (791).jpg,man red shirt,man,red,shirt
792,img (792).jpg,woman red shirt,woman,red,shirt
793,img (793).jpg,woman red shirt,woman,red,shirt
794,img (794).jpg,man red shirt,man,red,shirt
795,img (795).jpg,man red shirt,man,red,shirt
796,img (796).jpg,man red shirt,man,red,shirt
797,img (797).jpg,man red shirt,man,red,shirt
798,img (798).jpg,woman red shirt,woman,red,shirt
799,img (799).jpg,woman red shirt,woman,red,shirt
800,img (800).jpg,woman red shirt,woman,red,shirt
801,img (801).jpg,woman red shoe,woman,red,shoe
802,img (802).jpg,man red shirt,man,red,shirt
803,img (803).jpg,woman black shoe,woman,black,shoe
804,img (804).jpg,woman black shoe,woman,black,shoe
805,img (805).jpg,woman brown shoe,woman,brown,shoe
806,img (806).jpg,woman black shoe,woman,black,shoe
807,img (807).jpg,woman orange shoe,woman,orange,shoe
808,img (808).jpg,woman red shoe,woman,red,shoe
809,img (809).jpg,woman blue shoe,woman,blue,shoe
810,img (810).jpg,woman blue shoe,woman,blue,shoe
811,img (811).jpg,woman black shoe,woman,black,shoe
812,img (812).jpg,woman black shoe,woman,black,shoe
813,img (813).jpg,woman brown shoe,woman,brown,shoe
814,img (814).jpg,man red shoe,man,red,shoe
815,img (815).jpg,woman brown shoe,woman,brown,shoe
816,img (816).jpg,woman brown shoe,woman,brown,shoe
817,img (817).jpg,woman brown shoe,woman,brown,shoe
818,img (818).jpg,woman brown shoe,woman,brown,shoe
819,img (819).jpg,woman white shoe,woman,white,shoe
820,img (820).jpg,woman white shoe,woman,white,shoe
821,img (821).jpg,woman white shoe,woman,white,shoe
822,img (822).jpg,woman red shoe,woman,red,shoe
823,img (823).jpg,woman brown shoe,woman,brown,shoe
824,img (824).jpg,woman white shoe,woman,white,shoe
825,img (825).jpg,woman white shoe,woman,white,shoe
826,img (826).jpg,woman brown shoe,woman,brown,shoe
827,img (827).jpg,woman brown shoe,woman,brown,shoe
828,img (828).jpg,woman pink shoe,woman,pink,shoe
829,img (829).jpg,woman brown shoe,woman,brown,shoe
830,img (830).jpg,woman brown shoe,woman,brown,shoe
831,img (831).jpg,woman black shoe,woman,black,shoe
832,img (832).jpg,woman white shoe,woman,white,shoe
833,img (833).jpg,woman black shoe,woman,black,shoe
834,img (834).jpg,woman red shoe,woman,red,shoe
835,img (835).jpg,woman white shoe,woman,white,shoe
836,img (836).jpg,woman white shoe,woman,white,shoe
837,img (837).jpg,woman black shoe,woman,black,shoe
838,img (838).jpg,woman brown shoe,woman,brown,shoe
839,img (839).jpg,woman black shoe,woman,black,shoe
840,img (840).jpg,woman white shoe,woman,white,shoe
841,img (841).jpg,woman black shoe,woman,black,shoe
842,img (842).jpg,woman black shoe,woman,black,shoe
843,img (843).jpg,woman black shoe,woman,black,shoe
844,img (844).jpg,woman black shoe,woman,black,shoe
845,img (845).jpg,woman brown shoe,woman,brown,shoe
846,img (846).jpg,woman brown shoe,woman,brown,shoe
847,img (847).jpg,woman brown shoe,woman,brown,shoe
848,img (848).jpg,woman brown shoe,woman,brown,shoe
849,img (849).jpg,woman brown shoe,woman,brown,shoe
850,img (850).jpg,woman brown shoe,woman,brown,shoe
851,img (851).jpg,woman brown shoe,woman,brown,shoe
852,img (852).jpg,woman brown shoe,woman,brown,shoe
853,img (853).jpg,woman brown shoe,woman,brown,shoe
854,img (854).jpg,woman brown shoe,woman,brown,shoe
855,img (855).jpg,woman brown shoe,woman,brown,shoe
856,img (856).jpg,woman brown shoe,woman,brown,shoe
857,img (857).jpg,woman brown shoe,woman,brown,shoe
858,img (858).jpg,woman brown shoe,woman,brown,shoe
859,img (859).jpg,woman brown shoe,woman,brown,shoe
860,img (860).jpg,woman brown shoe,woman,brown,shoe
861,img (861).jpg,woman brown shoe,woman,brown,shoe
862,img (862).jpg,woman brown shoe,woman,brown,shoe
863,img (863).jpg,woman red shoe,woman,red,shoe
864,img (864).jpg,woman green shoe,woman,green,shoe
865,img (865).jpg,woman brown shoe,woman,brown,shoe
866,img (866).jpg,woman white shoe,woman,white,shoe
867,img (867).jpg,woman black shoe,woman,black,shoe
868,img (868).jpg,woman blue shoe,woman,blue,shoe
869,img (869).jpg,woman purple shoe,woman,purple,shoe
870,img (870).jpg,woman white shoe,woman,white,shoe
871,img (871).jpg,woman white shoe,woman,white,shoe
872,img (872).jpg,woman black shoe,woman,black,shoe
873,img (873).jpg,woman black shoe,woman,black,shoe
874,img (874).jpg,woman brown shoe,woman,brown,shoe
875,img (875).jpg,woman white shoe,woman,white,shoe
876,img (876).jpg,woman yellow shoe,woman,yellow,shoe
877,img (877).jpg,woman white shoe,woman,white,shoe
878,img (878).jpg,woman white shoe,woman,white,shoe
879,img (879).jpg,woman white shoe,woman,white,shoe
880,img (880).jpg,woman white shoe,woman,white,shoe
881,img (881).jpg,woman pink shoe,woman,pink,shoe
882,img (882).jpg,woman purple shoe,woman,purple,shoe
883,img (883).jpg,woman red shoe,woman,red,shoe
884,img (884).jpg,woman yellow shoe,woman,yellow,shoe
885,img (885).jpg,woman brown shoe,woman,brown,shoe
886,img (886).jpg,woman black shoe,woman,black,shoe
887,img (887).jpg,woman brown shoe,woman,brown,shoe
888,img (888).jpg,woman pink shoe,woman,pink,shoe
889,img (889).jpg,woman brown shoe,woman,brown,shoe
890,img (890).jpg,woman brown shoe,woman,brown,shoe
891,img (891).jpg,woman brown shoe,woman,brown,shoe
892,img (892).jpg,woman brown shoe,woman,brown,shoe
893,img (893).jpg,woman brown shoe,woman,brown,shoe
894,img (894).jpg,woman brown shoe,woman,brown,shoe
895,img (895).jpg,woman brown shoe,woman,brown,shoe
896,img (896).jpg,woman brown shoe,woman,brown,shoe
897,img (897).jpg,woman brown shoe,woman,brown,shoe
898,img (898).jpg,woman brown shoe,woman,brown,shoe
899,img (899).jpg,woman brown shoe,woman,brown,shoe
900,img (900).jpg,woman brown shoe,woman,brown,shoe
901,img (901).jpg,woman pink shoe,woman,pink,shoe
902,img (902).jpg,woman black shoe,woman,black,shoe
903,img (903).jpg,woman purple shoe,woman,purple,shoe
904,img (904).jpg,woman pink shoe,woman,pink,shoe
905,img (905).jpg,woman brown shoe,woman,brown,shoe
906,img (906).jpg,woman red shoe,woman,red,shoe
907,img (907).jpg,woman orange shoe,woman,orange,shoe
908,img (908).jpg,woman pink shoe,woman,pink,shoe
909,img (909).jpg,woman red shoe,woman,red,shoe
910,img (910).jpg,woman yellow shoe,woman,yellow,shoe
911,img (911).jpg,woman black shoe,woman,black,shoe
912,img (912).jpg,woman yellow shoe,woman,yellow,shoe
913,img (913).jpg,woman brown shoe,woman,brown,shoe
914,img (914).jpg,woman white shoe,woman,white,shoe
915,img (915).jpg,woman black shoe,woman,black,shoe
916,img (916).jpg,woman brown shoe,woman,brown,shoe
917,img (917).jpg,woman brown shoe,woman,brown,shoe
918,img (918).jpg,woman brown shoe,woman,brown,shoe
919,img (919).jpg,woman red shoe,man,red,shirt
920,img (920).jpg,woman black shoe,woman,black,shoe
921,img (921).jpg,woman white shoe,woman,white,shoe
922,img (922).jpg,woman red shoe,woman,red,shoe
923,img (923).jpg,woman green shoe,woman,green,shoe
924,img (924).jpg,woman white shoe,woman,white,shoe
925,img (925).jpg,woman black shoe,woman,black,shoe
926,img (926).jpg,woman gray shoe,woman,gray,shoe
927,img (927).jpg,woman black shoe,woman,black,shoe
928,img (928).jpg,woman white shoe,woman,white,shoe
929,img (929).jpg,woman black shoe,woman,black,shoe
930,img (930).jpg,woman black shoe,woman,black,shoe
931,img (931).jpg,woman brown shoe,woman,brown,shoe
932,img (932).jpg,woman brown shoe,woman,brown,shoe
933,img (933).jpg,woman gray shoe,woman,gray,shoe
934,img (934).jpg,woman gray shoe,woman,gray,shoe
935,img (935).jpg,woman brown shoe,woman,brown,shoe
936,img (936).jpg,woman black shoe,woman,black,shoe
937,img (937).jpg,woman black shoe,woman,black,shoe
938,img (938).jpg,woman orange shoe,woman,orange,shoe
939,img (939).jpg,woman brown shoe,woman,brown,shoe
940,img (940).jpg,woman brown shoe,woman,brown,shoe
941,img (941).jpg,woman black shoe,woman,black,shoe
942,img (942).jpg,woman gray shoe,woman,gray,shoe
943,img (943).jpg,woman brown shoe,woman,brown,shoe
944,img (944).jpg,woman black shoe,woman,black,shoe
945,img (945).jpg,woman black shoe,woman,black,shoe
946,img (946).jpg,woman blue shoe,woman,blue,shoe
947,img (947).jpg,woman blue shoe,woman,blue,shoe
948,img (948).jpg,woman red shoe,woman,red,shoe
949,img (949).jpg,woman gray shoe,woman,gray,shoe
950,img (950).jpg,woman red shoe,woman,red,shoe
951,img (951).jpg,woman red shoe,woman,red,shoe
952,img (952).jpg,woman purple shoe,woman,purple,shoe
953,img (953).jpg,woman red shoe,woman,red,shoe
954,img (954).jpg,woman gray shoe,woman,gray,shoe
955,img (955).jpg,woman brown shoe,woman,brown,shoe
956,img (956).jpg,woman blue shoe,woman,blue,shoe
957,img (957).jpg,woman gray shoe,woman,gray,shoe
958,img (958).jpg,woman black shoe,woman,black,shoe
959,img (959).jpg,woman blue shoe,woman,blue,shoe
960,img (960).jpg,woman gray shoe,woman,gray,shoe
961,img (961).jpg,woman blue shoe,woman,blue,shoe
962,img (962).jpg,woman black shoe,woman,black,shoe
963,img (963).jpg,woman black shoe,woman,black,shoe
964,img (964).jpg,woman blue shoe,woman,blue,shoe
965,img (965).jpg,woman red shoe,woman,red,shoe
966,img (966).jpg,woman blue shoe,woman,blue,shoe
967,img (967).jpg,woman red shoe,woman,red,shoe
968,img (968).jpg,woman brown shirt,woman,brown,shirt
969,img (969).jpg,woman brown shirt,woman,brown,shirt
970,img (970).jpg,woman brown shirt,woman,brown,shirt
971,img (971).jpg,woman brown shirt,woman,brown,shirt
972,img (972).jpg,woman brown shirt,woman,brown,shirt
973,img (973).jpg,woman brown shirt,woman,brown,shirt
974,img (974).jpg,man brown shirt,man,brown,shirt
975,img (975).jpg,man brown shirt,man,brown,shirt
976,img (976).jpg,man brown shirt,man,brown,shirt
977,img (977).jpg,man brown shirt,man,brown,shirt
978,img (978).jpg,man brown shirt,man,brown,shirt
979,img (979).jpg,man brown shirt,man,brown,shirt
